sigma,index,restored_psnr,restored_ssim,restored_lpips,noisy_psnr,noisy_ssim,noisy_lpips
15,0,41.8119773087274,0.9677678605161034,0.058933332562446594,24.879633219128728,0.37141491937334514,0.48461800813674927
15,1,38.040220982303524,0.9626059556062526,0.05679543316364288,24.848391024096014,0.4212681115172054,0.5291725993156433
15,2,34.3973294785529,0.892621474800415,0.11881310492753983,24.85829017587833,0.47019609433530024,0.44363710284233093
15,3,39.97417276289194,0.9719214944376153,0.016348551958799362,24.62279119912006,0.4589958587832486,0.33079662919044495
15,4,38.06284344098519,0.9539306440870233,0.04384331777691841,24.63138457051725,0.4656490121264707,0.31060048937797546
15,5,37.47041066039948,0.9612088109112848,0.033590082079172134,24.635059886474835,0.5045819807770765,0.3284076452255249
15,6,33.144945837462146,0.8938972701884306,0.08646377921104431,24.616944082732978,0.5596007760270657,0.29628777503967285
15,7,34.192430204087515,0.8897410300926193,0.1160648837685585,24.651796734769754,0.4953348668850814,0.39485225081443787
15,8,35.263252871778576,0.9548139724034924,0.062079381197690964,24.93131666216438,0.6059246739762044,0.2168840914964676
15,9,36.98941816476295,0.9093707463068516,0.1149095892906189,24.68177333809914,0.3588522038638098,0.45009592175483704
15,10,40.47166217632524,0.9600400123992081,0.05950235202908516,24.710833999857748,0.40128181686344383,0.41481518745422363
15,11,41.1647770783068,0.9610107438703057,0.06836465746164322,25.114270754357705,0.3326606236329505,0.7473567724227905
15,12,39.86299799929337,0.9326572561041991,0.16193312406539917,24.680188956121548,0.2699146728905644,0.6983587145805359
15,13,36.32668632017522,0.9398602586526229,0.045156728476285934,24.773362294879803,0.5414418984318577,0.21431942284107208
15,14,35.39180305129963,0.9524025071455865,0.023225905373692513,24.643385761825265,0.6028117289015532,0.19779226183891296
15,15,35.95952803969086,0.934357453077733,0.05252253636717796,24.61107987944436,0.4312482058614065,0.38167670369148254
15,16,39.77093151599725,0.9600725614351789,0.047381408512592316,24.739089836322247,0.37652367979524776,0.6024316549301147
15,17,34.32948648132306,0.9040472856372567,0.06656108796596527,24.69273329614126,0.5253946897290581,0.26811695098876953
15,18,40.815076281802305,0.9843743710656284,0.005966952070593834,24.812793331813072,0.48712345827083087,0.3314998149871826
15,19,36.16618089838,0.9404434163124443,0.04749003425240517,25.182179852327668,0.45961861723390696,0.4131838083267212
15,20,40.79180675342514,0.9836964328003975,0.007271226495504379,24.739893531140623,0.47550487353980575,0.34355154633522034
15,21,35.147794475042,0.8965545408699396,0.11471632868051529,24.889870882195638,0.43552815182628074,0.5320651531219482
15,22,41.96766249489052,0.9711779485622308,0.060151129961013794,24.835005384777794,0.3631950297055733,0.48223286867141724
15,23,39.76304993774779,0.961450918194574,0.05920277535915375,25.480811428697695,0.3653044050044872,0.7108148336410522
15,24,34.628148094584596,0.8982095467151557,0.08728638291358948,24.70776336196074,0.49799023017393385,0.2923448979854584
15,25,38.33747450222486,0.9502423923386263,0.07510499656200409,24.64252582193829,0.37678550224339413,0.5955830812454224
15,26,43.054336063809075,0.9808950732928589,0.009808381088078022,24.615735269284965,0.3645321513967976,0.46437516808509827
15,27,41.289826278367144,0.9854726115627729,0.00877249427139759,24.62802335569805,0.4614108098384029,0.3585134446620941
15,28,36.574207344595855,0.9114742949590663,0.08275478333234787,24.64178327009716,0.39843098693799117,0.44687771797180176
15,29,37.88356878021035,0.9359034982861912,0.059233106672763824,24.627440039414893,0.4001201740003655,0.5240742564201355
15,30,34.641916021844295,0.8980607361347551,0.07043948024511337,24.747867916480068,0.5001057018429488,0.29129740595817566
15,31,38.316154011084215,0.9523936784748422,0.05714453011751175,24.67306912135916,0.46984944204010165,0.3275199234485626
15,32,34.155837794065505,0.9413377228636731,0.028676442801952362,24.718961370734288,0.5832600083688662,0.21941415965557098
15,33,38.672939655556846,0.9491612541411379,0.060316525399684906,25.205340466807474,0.40172073868034475,0.5896720886230469
15,34,36.753626614675575,0.9120252626028008,0.09004296362400055,24.804821164012523,0.3812228051685167,0.4651832580566406
15,35,35.50290868488795,0.8919873674438058,0.1305583119392395,24.809295791249816,0.40333624363373727,0.6268307566642761
15,36,37.8026784702106,0.9366697490529282,0.08120755851268768,25.903221732567054,0.3993307874917549,0.5515372157096863
15,37,38.66674256073855,0.9254650418515827,0.1524532288312912,24.766004416819566,0.3065063436211239,0.5789594650268555
15,38,35.831729662783935,0.94507260676809,0.04622340947389603,24.716422134486308,0.4710687992650959,0.4048263430595398
15,39,36.914149814347475,0.9598084045421368,0.02865755744278431,24.64343692228546,0.5524608306262174,0.2892090678215027
15,40,33.14159797987309,0.8825541627576957,0.0980740487575531,24.6142115541468,0.5527456480074477,0.2969934046268463
15,41,35.037878587536234,0.957863120171005,0.0127828074619174,24.64746465645275,0.6695839658231977,0.1201850026845932
15,42,39.51973107527288,0.97117040608951,0.013404304161667824,24.881446776623655,0.49049541953736026,0.2948071360588074
15,43,35.47404446190848,0.9437040082479479,0.03472215682268143,24.74499485503864,0.4913124835428246,0.33813977241516113
15,44,37.175312385450894,0.9629497260700813,0.052995871752500534,24.766389910964755,0.48413540394765914,0.40629786252975464
15,45,35.56586560388329,0.8923518539403089,0.09993774443864822,24.616739902209247,0.40158827777588885,0.36923375725746155
15,46,33.98554637991979,0.9030075808556681,0.075779028236866,24.6265962625648,0.4843583891210817,0.33085912466049194
15,47,33.87389214868997,0.8860949973985441,0.1148165613412857,24.626107855846126,0.5124222025664261,0.3726955056190491
15,48,38.00911134319583,0.9397273841801592,0.04188156500458717,24.777150208873472,0.4035621589294314,0.5266932249069214
15,49,35.294874205116585,0.9528234116217608,0.06264118105173111,24.828462194146,0.5707265448147124,0.2543956935405731
25,0,40.030115538283084,0.9591471810221716,0.08119767904281616,20.802366244542508,0.2146123751675453,0.7697597742080688
25,1,35.02320364301388,0.9358876048527476,0.10649771243333817,20.82879654506028,0.2588907490000313,0.7990451455116272
25,2,31.764078000031965,0.8199932987199946,0.21360185742378235,20.870831407383697,0.27996741237641687,0.8007775545120239
25,3,37.95746625233271,0.9606869290821285,0.03267742693424225,20.229593550198835,0.3147795968352855,0.49018654227256775
25,4,36.04731045890239,0.9359497587366076,0.0816427692770958,20.24273767022112,0.3128513196334119,0.4933862090110779
25,5,34.71779057068683,0.9286788875740098,0.07156793773174286,20.304217046796502,0.3237475768023494,0.6080319285392761
25,6,30.497557425762718,0.8241012067252639,0.16425037384033203,20.265915638681292,0.35988220287195266,0.6286317110061646
25,7,31.55346164887863,0.82155159448631,0.1956939995288849,20.361336591549495,0.29911803414892746,0.7621137499809265
25,8,32.65260815769137,0.9386200914250598,0.08555508404970169,20.591837696453773,0.451642175501446,0.39944031834602356
25,9,34.92195523365651,0.8702627185302271,0.19250397384166718,20.32435151046603,0.18681083409115343,0.6890678405761719
25,10,38.548776685420634,0.9468489637874296,0.08912809938192368,20.490093880808118,0.24266788484636378,0.6915789246559143
25,11,39.058261254146714,0.9406035102811199,0.10651616752147675,21.14664587465475,0.1737009799785776,1.0581496953964233
25,12,38.27912630933569,0.9163058838397228,0.23701609671115875,20.430226972559552,0.1244644683061431,0.9561517238616943
25,13,34.190827646177084,0.911755578386098,0.09993640333414078,20.41930956069614,0.38680058885647983,0.39382705092430115
25,14,32.34952199424396,0.9091640066859185,0.055941391736269,20.203686147532064,0.40143540997361377,0.4694367051124573
25,15,33.47518834182101,0.8989934875734216,0.10191111266613007,20.382945524798515,0.2667773140225451,0.6612305045127869
25,16,36.97530180186788,0.93203989914972,0.10925987362861633,20.523395660346196,0.2064634020441706,0.9411752223968506
25,17,31.88713683089665,0.8417399807505698,0.1242220550775528,20.32536008952639,0.3330963652981715,0.4877017140388489
25,18,38.7542278249446,0.979095033367478,0.014255568385124207,20.40465181256822,0.3445134567170934,0.49962717294692993
25,19,33.39791312008205,0.8964642674929073,0.08335363864898682,21.32329987058057,0.2913603811352556,0.6973748207092285
25,20,38.841328439557714,0.9784471236010713,0.014056218788027763,20.360403777615815,0.3363692660159647,0.5055956840515137
25,21,32.6414301000625,0.8260387259545973,0.2048182189464569,21.00419075324032,0.2494049118797128,0.884790301322937
25,22,39.83671880733077,0.9621253186019656,0.08025482296943665,20.73175113750601,0.21073888318084202,0.7588359117507935
25,23,36.70185272835785,0.9321928702887178,0.1329861432313919,21.673281358914473,0.2013978069539837,1.014367699623108
25,24,32.08061167260398,0.8354998184262277,0.15083476901054382,20.381974191771537,0.31087362424379533,0.5125350952148438
25,25,35.537574515466645,0.923771571735779,0.1207723468542099,20.501380905879323,0.21298508923676807,0.9071887731552124
25,26,41.318811873516225,0.9780817136721357,0.015326842665672302,20.28382270044817,0.2106259268848851,0.6858371496200562
25,27,39.23460118382466,0.9805119158150427,0.01541927456855774,20.258383448733106,0.32307750176284017,0.5221441388130188
25,28,34.23460554714352,0.8647033631586784,0.14838942885398865,20.406001434130687,0.22276253641315705,0.723120391368866
25,29,35.00055153349833,0.884488553286174,0.11587466299533844,20.34233661334087,0.21155407178800845,0.9382990598678589
25,30,32.17694106395298,0.8376886467612684,0.1470530480146408,20.389315896042195,0.31314490420844027,0.5148234367370605
25,31,36.58416081150608,0.935471981404667,0.10244961827993393,20.275038143440476,0.3166357710028856,0.5207616090774536
25,32,31.4146605902463,0.902665104239277,0.06406628340482712,20.49819966475404,0.40910660310314,0.47059279680252075
25,33,35.873775146875744,0.9122037419551284,0.15937002003192902,21.24483086213734,0.22434835335912204,0.9632138013839722
25,34,34.62698761898768,0.8694539349461904,0.20325611531734467,20.67629128762515,0.21115023194356441,0.7530755996704102
25,35,33.03576583998763,0.8199980442516276,0.24009814858436584,20.887532094703502,0.2231186882060406,0.9495700597763062
25,36,35.16165498748371,0.897378855725778,0.17438271641731262,22.129335619899212,0.23770906343202722,0.7589679956436157
25,37,36.765966497740244,0.900534301447483,0.23614802956581116,20.556142542153303,0.15182187865295568,0.8401352167129517
25,38,33.11437801854256,0.9066971733046683,0.09001319855451584,20.624044801458883,0.3043446974450414,0.6734206676483154
25,39,34.17270120442111,0.9271575327534856,0.06537944823503494,20.28142013449473,0.37007192160283164,0.5455281734466553
25,40,30.489092775034166,0.8099232097298703,0.20976197719573975,20.267726236165167,0.3516565000517831,0.6308709979057312
25,41,32.28951508371925,0.9286003303878103,0.03043234907090664,20.277386955366485,0.4889589095890849,0.28374147415161133
25,42,37.58444656542415,0.9594814513211777,0.02955322340130806,20.51269340423195,0.3454076531314107,0.4588848948478699
25,43,32.75009712043233,0.9021623576213972,0.08253058791160583,20.702603555418957,0.3226780565371566,0.6137329339981079
25,44,34.04908204829232,0.9403508931796445,0.08206124603748322,20.58719646736167,0.31786894647055586,0.6568111777305603
25,45,33.60499544628402,0.8468890545960018,0.19480183720588684,20.25092861532512,0.22209701168469964,0.6139175295829773
25,46,31.300727186348315,0.8243546333519515,0.17089107632637024,20.18342549357935,0.28873969521399034,0.639681339263916
25,47,31.306400395736986,0.8181989279003107,0.20828980207443237,20.33528112961494,0.3140730937726753,0.7393144965171814
25,48,35.23593911420922,0.8903854239817647,0.11197571456432343,20.68544749141568,0.22116833662481514,0.9744002223014832
25,49,32.534461593285315,0.933749981117974,0.08567765355110168,20.44943823311916,0.4112428247168232,0.4410083293914795
50,0,37.962544137038655,0.9477172375701964,0.09466991573572159,15.688980093528713,0.08483594147063978,1.1360777616500854
50,1,32.01347180271216,0.8971763428075704,0.16592366993427277,15.648834517813118,0.11004870573058996,1.2356679439544678
50,2,29.46361577015412,0.7242359616776003,0.31465089321136475,15.832686546163284,0.10954966311817449,1.0865808725357056
50,3,35.94283750851081,0.9518695584569019,0.04275776073336601,14.66323089630852,0.17590193604860874,0.842943549156189
50,4,34.001133609975355,0.9171404506207348,0.11092163622379303,14.644663746551615,0.16894049845079406,0.8461288809776306
50,5,31.965829878778024,0.8797783329608612,0.11916900426149368,14.68945429488015,0.14874591676726137,1.1057450771331787
50,6,27.90843187585793,0.7236098068075055,0.25145837664604187,14.822646089478752,0.15432327347607744,1.1017481088638306
50,7,29.091924389439633,0.7291855029040426,0.2904554605484009,15.152410329608896,0.12080454761194742,1.1368887424468994
50,8,29.533068985457724,0.9093946981273732,0.11513394117355347,15.00406616714872,0.2715288406433366,0.7327630519866943
50,9,32.8358987329645,0.829525042608738,0.26694047451019287,14.661985072238853,0.06505109342095895,1.1195980310440063
50,10,36.59448915688622,0.9330103946903173,0.11421650648117065,15.172048519867117,0.1048296284321435,1.1248483657836914
50,11,35.67423232589302,0.8949544740392888,0.26503416895866394,16.05931728332596,0.05894660019475787,1.3013486862182617
50,12,36.58883247598467,0.9011825016513401,0.2907125949859619,15.177622743308387,0.04105504255397612,1.2214457988739014
50,13,32.309006454093264,0.887738777126084,0.1292082667350769,14.954073832734958,0.22970248616400113,0.7146764993667603
50,14,29.30813658811961,0.8236904625025462,0.1255245804786682,14.458206548744371,0.1788917664935644,1.0861656665802002
50,15,30.598088697844474,0.8460822679192175,0.16327576339244843,15.267395055870383,0.12712441954282364,1.0714211463928223
50,16,34.41127851881427,0.8928789817443515,0.16929367184638977,15.222867215859184,0.07585772701950862,1.293576955795288
50,17,29.613251303509884,0.7734651366695191,0.20479407906532288,14.666144448751643,0.15016412630660608,0.9068170785903931
50,18,36.27463520717099,0.9727984193751765,0.017757385969161987,14.74471972738166,0.19956136103361635,0.7891674637794495
50,19,30.35963091568433,0.8206304705011315,0.19092907011508942,16.193419734879853,0.13172198979515262,1.036397933959961
50,20,36.55900060567643,0.9719963297652018,0.020000411197543144,14.767972597295264,0.195787006027788,0.7977161407470703
50,21,30.2866711448075,0.7234332727971413,0.36795035004615784,16.012086827851366,0.09301829803422312,1.1553525924682617
50,22,37.559504501545035,0.9527148177524664,0.08563929796218872,15.556565620157023,0.08594557514391947,1.161435842514038
50,23,33.88542557457295,0.8867870051100585,0.22603872418403625,16.444984259757586,0.06924608029156692,1.3104575872421265
50,24,30.08105547930008,0.7787158579085179,0.24557998776435852,14.703668575625652,0.13679147916824883,0.9119360446929932
50,25,32.75192826186248,0.8827915409870694,0.22463595867156982,15.376910712775159,0.08428653843418243,1.2865941524505615
50,26,39.088275466365616,0.972315879543255,0.01940750703215599,14.838845690783465,0.08694160095894328,1.1181185245513916
50,27,36.82600827064171,0.9741135683700634,0.018506936728954315,14.672643822497779,0.18423646773660066,0.8398419618606567
50,28,31.89284755172135,0.8127446313846516,0.26462459564208984,14.97282497126249,0.08494994679216818,1.1443387269973755
50,29,32.55065266171634,0.8166708402080037,0.18856468796730042,15.160176080510183,0.07539747880838164,1.2939954996109009
50,30,30.05485592415789,0.7832283905264839,0.20793931186199188,14.730114036440078,0.13859060050636304,0.9288818836212158
50,31,34.41215475524234,0.9175127286987282,0.12041568756103516,14.617909162317895,0.16884016151497128,0.8881588578224182
50,32,28.407012766881273,0.8254724952096603,0.11826052516698837,15.210718769814921,0.21778484045715843,0.8835629820823669
50,33,33.5047857931677,0.8669764645240877,0.24128513038158417,16.06438738199385,0.08049789412153086,1.2788807153701782
50,34,32.29233773541791,0.8284002469014947,0.2768014073371887,15.489344718832662,0.08238054380882488,1.0732572078704834
50,35,30.824028128887434,0.7277245214370432,0.4263097643852234,15.925601386080777,0.08354918729835538,1.1386210918426514
50,36,32.93296734936341,0.861166208527985,0.22412273287773132,16.754609877254307,0.09483352689998363,1.0578250885009766
50,37,34.84248979897076,0.8753304642111067,0.29197853803634644,15.23847796465764,0.05069035886064996,1.1891250610351562
50,38,30.29308734699175,0.8529548198814644,0.15546676516532898,15.51684239243511,0.15005506114154973,1.0272254943847656
50,39,31.43612977093691,0.8853022453532232,0.08822940289974213,14.662601016760675,0.18093642870100768,1.0197715759277344
50,40,27.846383832604555,0.7027677095982542,0.3053259253501892,14.932558731547774,0.14847428741382815,1.103904128074646
50,41,28.92588245797929,0.8650392403006805,0.0664442777633667,14.664163353735882,0.261253308620942,0.814245343208313
50,42,35.60345715372681,0.9501063069595777,0.03963880240917206,14.913214661582057,0.20192340331582895,0.7571446299552917
50,43,29.945575843608843,0.8423028018037332,0.15453100204467773,15.60605468086036,0.15901229655697183,1.0314160585403442
50,44,30.928854214238406,0.9042699429941367,0.13102415204048157,15.228061675720962,0.15004722656962532,1.0989208221435547
50,45,31.653763778940586,0.795864607962733,0.28407353162765503,14.605331464630172,0.08488198717685884,1.0162767171859741
50,46,29.1522306999409,0.7483361590671436,0.2603340148925781,14.478161540830751,0.11616833339656181,1.103370189666748
50,47,28.707451551457602,0.71498215007982,0.30847790837287903,15.133592016062744,0.12770284032844434,1.1285511255264282
50,48,32.27020820290409,0.8083086989444653,0.1938338577747345,15.645374766334239,0.08118764022775794,1.292771339416504
50,49,29.453003955355047,0.9065414069306152,0.10672291368246078,14.83531251079955,0.23800255735226417,0.7965531945228577
