index,psnr,ssim,lpips
0,32.860656351550766,0.8166719993245306,0.18788090348243713
1,29.93811759394301,0.8217280327864792,0.17153628170490265
2,32.58936252315109,0.880814670751669,0.08636297285556793
3,31.913652006603396,0.9208733917899168,0.09169936180114746
4,30.812965318443013,0.8344262817933253,0.1251613050699234
5,33.94737388420894,0.9282823027194308,0.08100271224975586
6,34.00292638195754,0.9011371596584761,0.08912131935358047
7,34.46711656597594,0.9153076965446396,0.1020246371626854
8,36.284568493137364,0.9219118907657885,0.10176512598991394
9,34.83110893420989,0.924755743085027,0.06580954790115356
10,34.32291774289972,0.8619776085530745,0.14747516810894012
11,31.44758716645609,0.7420972194035645,0.22380933165550232
12,38.713841953425344,0.9357988124292543,0.07486037909984589
13,34.27957267535104,0.8451764373317873,0.20053640007972717
14,33.13094671272404,0.8295542151937584,0.2128804326057434
15,32.376306832273094,0.7205253394699603,0.2591809034347534
16,34.019846428154565,0.8461840592573919,0.2025170922279358
17,36.63212337405537,0.8789878711551159,0.23837915062904358
18,33.17721627712215,0.8756953748933293,0.10677889734506607
19,38.0021341305129,0.8976876749087124,0.22157323360443115
20,32.15571457195728,0.8358557766327787,0.15037009119987488
21,35.166239987225325,0.8857031222961002,0.17166441679000854
22,36.96154504776509,0.885546999455837,0.22085830569267273
23,37.34889478328676,0.9557225795881269,0.02713659219443798
24,40.33775738015745,0.9669616387794538,0.02411011978983879
25,36.91214719292474,0.9356502664871235,0.09421265125274658
26,35.397218005212714,0.8872527166665698,0.13157814741134644
27,37.314114441310245,0.919754977401445,0.1043512299656868
28,35.433872713482664,0.9245416255990303,0.08474182337522507
29,32.144620739709936,0.7521354377580315,0.17600378394126892
30,32.65104670048389,0.8230199238140968,0.18626537919044495
31,32.27132447058303,0.7157676009719919,0.3030267059803009
32,37.79415816312062,0.9270137530852246,0.038413647562265396
33,31.679459782873998,0.832637613597512,0.14882896840572357
34,29.57554938891413,0.7805844419201788,0.17883308231830597
35,30.015747784037643,0.7046396606000874,0.25317609310150146
36,37.39555321454385,0.9167907723693988,0.04022287577390671
37,32.27640458969333,0.90592706425655,0.049411021173000336
38,32.87273710930555,0.8883494333203652,0.09499344229698181
39,37.21462914877771,0.8929410213238138,0.26916375756263733
40,30.192036018756237,0.7941195492138479,0.21296852827072144
41,34.28599775128821,0.8771671883979608,0.08754555881023407
42,34.1676935709907,0.8881221717990919,0.1411287933588028
43,36.67298950863921,0.9260767889242367,0.10621359199285507
44,32.172920410388876,0.7749197839751422,0.2529449164867401
45,31.327641795319607,0.8867406710261,0.11046501994132996
46,37.18680222531751,0.9258453158973466,0.09327571094036102
47,36.84128801879353,0.934946928489211,0.028618481010198593
48,31.559752330453996,0.8123963732679033,0.19816797971725464
49,31.455915914394957,0.8879309188975815,0.1135442778468132
50,32.31068095616978,0.9314326703259793,0.10063677281141281
51,34.32445026505973,0.8930128590027318,0.12011568993330002
52,34.453674026465286,0.9196881345723883,0.06698881834745407
53,30.033160681858337,0.7041540139477491,0.24717196822166443
54,39.06578031238434,0.9757855089133148,0.012132545933127403
55,31.89694453492762,0.9201398137114887,0.09483635425567627
56,37.877942514420354,0.9560611399615452,0.035991370677948
57,33.83298207881651,0.926257556902621,0.05983152240514755
58,36.71074132755344,0.9346823857254782,0.02512313798069954
59,38.8849724204181,0.9751706572461858,0.015674840658903122
60,33.91116810856608,0.8583557769205815,0.14358779788017273
61,30.273447058499485,0.7505738569523461,0.23362523317337036
62,32.19847018488793,0.858475329337018,0.08761264383792877
63,39.505232540312505,0.9513674020432316,0.08284066617488861
64,40.58066525564192,0.9706674136979788,0.020938336849212646
65,33.14510772649299,0.8113184711933483,0.23858410120010376
66,36.3099844763293,0.9252184334348391,0.08452862501144409
67,31.875341292252955,0.8954471738148811,0.07815530896186829
68,33.15338331391432,0.8745096525801594,0.10791018605232239
69,30.490719575021267,0.7785350787650128,0.22210781276226044
70,32.2979527971693,0.7936634409123847,0.2353302538394928
71,37.240414408702065,0.8978658772427456,0.16436037421226501
72,35.321688838502105,0.8552527603931649,0.16442683339118958
73,32.168255894670665,0.8370936849577849,0.15053316950798035
74,30.57760147127921,0.9061258073799733,0.05131720378994942
75,32.20399163149977,0.7905052589143226,0.27031609416007996
76,38.1594194586504,0.9222633479219292,0.14683839678764343
77,35.44173015888835,0.9089820137711273,0.09783782064914703
78,35.47011753998042,0.8970255344467043,0.15445181727409363
79,32.10733523508249,0.900989969360796,0.05097348988056183
80,33.63006639874952,0.9228208222131314,0.08478233963251114
81,31.232312223280026,0.8287115283331999,0.12407036125659943
82,32.935782773727944,0.8900564057911825,0.09419840574264526
83,31.741179892713202,0.8370805507660486,0.11467082798480988
84,34.99497585880393,0.8988676477671721,0.07489711046218872
85,34.3318216454772,0.8473265386663091,0.20661598443984985
86,30.55531108382407,0.7793272299972466,0.21817003190517426
87,33.85025804783177,0.8438227016583625,0.22306755185127258
88,31.772553141924483,0.8965855945497313,0.07473497837781906
89,32.49941723100737,0.9112956089313936,0.04926643893122673
90,32.690185015823744,0.7792883375506894,0.15815983712673187
91,34.82896646157993,0.863764582436784,0.20369353890419006
92,33.30241889134322,0.7140538112527337,0.37851792573928833
93,32.53659876366678,0.9362716059105539,0.08360745012760162
94,39.42865941460302,0.9501975882336801,0.0803065150976181
95,30.322628059721023,0.7541848234607155,0.22268319129943848
96,33.373662666359756,0.8379317503116509,0.15204471349716187
97,34.46892231881837,0.856029296897605,0.19921237230300903
98,32.261222620770155,0.7773913448819038,0.2601858675479889
99,33.56886890729219,0.8426830362770783,0.10223684459924698
100,34.022990098820166,0.9324750918233587,0.07411320507526398
101,33.02032304693726,0.8078597403113865,0.2343481034040451
102,30.956992995165933,0.8122828884082257,0.1717298924922943
103,34.56287172867687,0.931558500300813,0.09894953668117523
104,35.499456910663035,0.9252305555754745,0.08937662094831467
105,35.37056965346319,0.8574996994425623,0.14661724865436554
106,31.86957202395086,0.8229608039471462,0.1352817267179489
107,32.674854732433495,0.8259061836574267,0.17426712810993195
108,34.33640538444137,0.8629673288333893,0.10065922886133194
109,34.40690279791252,0.7806120125706636,0.32184019684791565
110,32.82736304349679,0.786546143244019,0.17275792360305786
111,36.655320951810545,0.9234012253190959,0.11560247838497162
112,36.92400279834483,0.8972671725923247,0.2132566273212433
113,31.410538527246196,0.739433862576167,0.23825037479400635
114,36.719889178084856,0.8934679382334508,0.22593370079994202
115,29.873704496014,0.8214754259707867,0.17956992983818054
116,37.24833388722435,0.9194476981815828,0.10541218519210815
117,32.23815171493043,0.801402920715189,0.2389857918024063
118,31.032845256965583,0.8194564376844339,0.16731563210487366
119,31.138754776288913,0.7648718944986809,0.1403220146894455
120,32.63818979652341,0.8824396544208365,0.07911615818738937
121,35.01376715600976,0.929735455602366,0.09051041305065155
122,34.38553393606371,0.7802982768082466,0.30405697226524353
123,33.93824173550009,0.85104643976329,0.2392786145210266
124,36.72936027059588,0.8792360541505828,0.23232458531856537
125,39.378047363367585,0.9152645257921597,0.2566896677017212
126,35.04252235929614,0.8973534232283461,0.07292217016220093
127,30.85100731408461,0.8374128854533556,0.12883517146110535
128,31.88941622924733,0.9020673718119944,0.06837593764066696
129,32.349655622139295,0.9312857891514721,0.09670285135507584
130,36.77184105532408,0.8863393147398194,0.22719168663024902
131,31.857563510403956,0.9001844744602961,0.06804127991199493
132,32.15690394239344,0.7423704731282821,0.2939024567604065
133,34.29837468188748,0.8634632721985431,0.14545705914497375
134,34.36834257637226,0.845782892171707,0.21501171588897705
135,32.686558774510466,0.7804442446004706,0.2698257565498352
136,36.715900470115315,0.8924717131500252,0.22486591339111328
137,34.06341594856684,0.8471192565126541,0.2175045907497406
138,37.6192076988297,0.9556060598308687,0.03237193450331688
139,34.77188664345221,0.8661258029962066,0.17800699174404144
140,34.45224768397293,0.8920227198442081,0.07179836928844452
141,34.878849108072785,0.8918941357589393,0.1308678686618805
142,33.96060674556068,0.9044105797183034,0.08937999606132507
143,32.740181032586094,0.8315768258711803,0.1735723614692688
144,33.33902603850077,0.9045973299594795,0.054033420979976654
145,32.566271263822635,0.829668420797443,0.16693267226219177
146,36.32622997557375,0.903823044892161,0.105523481965065
147,36.369994103024,0.9069287094938039,0.11288630962371826
148,37.194318202371804,0.8919900168822205,0.2593939006328583
149,31.135388833456087,0.8115550009188407,0.19976013898849487
150,35.05103454726621,0.891380357825532,0.17027461528778076
151,34.917505998777905,0.9134360986135869,0.11060932278633118
152,32.95614318217011,0.8738002305012559,0.09376345574855804
153,34.651932569178726,0.9141107910679916,0.09919468313455582
154,32.366198850813845,0.9340833003613119,0.08679056167602539
155,29.94274870852783,0.8152384488217281,0.17583201825618744
156,36.702979901496164,0.9339654574785557,0.10527467727661133
157,37.48421861783474,0.9056504343831634,0.12913568317890167
158,32.26088357153583,0.9073376126266487,0.05235520005226135
159,30.55568440189527,0.9073085143766156,0.053609009832143784
160,31.917798257254404,0.8887496171701189,0.05454663187265396
161,29.497267885457134,0.7770637799294255,0.18779799342155457
162,35.251640091201395,0.860797357219489,0.230760857462883
163,31.048354245089037,0.8230057578348376,0.17591208219528198
164,32.087885721868126,0.8054919561320087,0.22320878505706787
165,28.804513223346937,0.8339228293233262,0.137712761759758
166,36.83683700652746,0.9344563777625602,0.025865819305181503
167,31.23922458382546,0.8949201347521702,0.062441445887088776
168,37.124234147183024,0.9013862726417736,0.1476995199918747
169,31.745974514767962,0.8928926428876443,0.06691265851259232
170,33.24107598486497,0.8966841073735848,0.062308020889759064
171,31.59347733349652,0.8906866113063683,0.06328491866588593
172,30.814340687992363,0.8080596762700445,0.18021221458911896
173,34.28757382430867,0.8932900203159182,0.12110759317874908
174,32.542351629001594,0.7706808944524718,0.1990915834903717
175,32.75868218720495,0.7836824464686538,0.25377607345581055
176,30.911179801323073,0.8524866709433928,0.06308810412883759
177,35.39481261697966,0.8682233735434988,0.20536422729492188
178,35.26263429101632,0.8857993242079377,0.18016520142555237
179,36.7261780319405,0.9351628287098914,0.02482946217060089
180,32.75919643337294,0.9111933297819346,0.04559682309627533
181,34.48264011690477,0.9117075815137358,0.10783010721206665
182,37.733985487214134,0.9267329279854243,0.0411403551697731
183,32.97557354349364,0.8302798482251689,0.0688396543264389
184,30.728790339974665,0.8474005039054792,0.14852674305438995
185,39.000269940271906,0.961727230765956,0.031278952956199646
186,34.83807048180505,0.8908452087990809,0.13910268247127533
187,34.84034170593076,0.9277215461592081,0.11005676537752151
188,33.40555100663759,0.9068733464404796,0.06193822622299194
189,32.64142947597463,0.8342240010333758,0.16917085647583008
190,35.232605791737484,0.8648047699661697,0.20219701528549194
191,32.33137866193581,0.9198918189370365,0.06457912176847458
192,39.414778907148076,0.9785032836149279,0.008580170571804047
193,36.22685819453647,0.9038653501967739,0.14465972781181335
194,31.215078628568516,0.8950289624287677,0.05775986611843109
195,32.045745019823414,0.9225493865964407,0.03078266978263855
196,32.10910544086801,0.8341739835894738,0.14576631784439087
197,37.36466477085531,0.9538743858064945,0.03068246878683567
198,34.27315163864282,0.9137435340384531,0.10905706882476807
199,31.254977262797603,0.7711719142796202,0.14490392804145813
200,31.324111081914086,0.8335634013709626,0.13507524132728577
201,30.86282886009591,0.8528779594035131,0.0672341138124466
202,39.45186269417479,0.9165524462036411,0.2518359422683716
203,32.19771393645725,0.7657692136209646,0.18837320804595947
204,34.138310151693936,0.8723731721901844,0.07999587059020996
205,30.98764093751938,0.8120306763879711,0.18857908248901367
206,33.06558799605666,0.7679654873640454,0.14267012476921082
207,33.22975801698966,0.7099895630363493,0.3942422568798065
208,35.51781666427352,0.9094606854153562,0.08941489458084106
209,33.584427252316885,0.8770193318055144,0.0746501237154007
210,40.62849855084197,0.9676425537185315,0.024125441908836365
211,30.245916395061002,0.8025920563984702,0.21057146787643433
212,34.43047418753976,0.8622448368717152,0.1174856573343277
213,38.3549489417362,0.9386941460135397,0.07988199591636658
214,31.49086660901656,0.6892075885641374,0.27633947134017944
215,33.857169393375635,0.8597347891650875,0.13436153531074524
216,38.40246160013976,0.9063341056967088,0.19098873436450958
217,38.03514010558976,0.9288915087356154,0.08866538852453232
218,34.56015368189723,0.9311085045190449,0.1018601506948471
219,32.14113319777717,0.7482401858885082,0.19367022812366486
220,34.92138023604519,0.9268049765829643,0.0701155886054039
221,31.38387440061952,0.6848487567191412,0.2608323097229004
222,37.95106100312438,0.8971923612005793,0.23706457018852234
223,32.12920338808193,0.9000744008746637,0.05375707149505615
224,34.95228136790773,0.8303618495100666,0.30394524335861206
225,34.51123624168844,0.8629753728173782,0.11057452857494354
226,30.244536148687242,0.7939171274381369,0.22357912361621857
227,31.889402582880116,0.8574742412023214,0.09533306211233139
228,32.17041338041459,0.9316846211216777,0.08990928530693054
229,32.142523316347614,0.9257480987174448,0.029912494122982025
230,31.625945089514836,0.813245832826404,0.21894487738609314
231,30.960700611110795,0.8967048816392343,0.0590943768620491
232,36.118659915089296,0.9025075419129468,0.1536751389503479
233,39.158102572806015,0.9618734110384617,0.03286940976977348
234,33.50225353764868,0.9094388404337361,0.06388109922409058
235,32.49162765341274,0.9104712688188855,0.051093053072690964
236,32.092789717259144,0.8078904779062004,0.21293824911117554
237,32.449484328453735,0.9122465944744272,0.04485732316970825
238,35.227323070146774,0.8636907365324675,0.2143809050321579
239,30.97218794590017,0.816382720148782,0.11315938085317612
240,34.04507957160273,0.8562112208817032,0.18982553482055664
241,32.990472235287164,0.7646428195507865,0.14594674110412598
242,30.84006567439264,0.8083338885423247,0.19571250677108765
243,37.871930179724274,0.9174637078181712,0.16589267551898956
244,30.98999215944806,0.8182822782811502,0.18201309442520142
245,38.76781204072768,0.9362650940167795,0.07607392966747284
246,38.27309173771853,0.9047013271226753,0.20073479413986206
247,39.65487407600803,0.9789299800002516,0.00817670114338398
248,39.890473850467416,0.9657617549197375,0.027471911162137985
249,33.19920047415222,0.8316980639814261,0.06661976128816605
250,40.096443903917134,0.965753481643251,0.025583498179912567
251,38.61099791588579,0.9411170623897789,0.07551002502441406
252,35.06055244763621,0.8908233307548533,0.16854174435138702
253,33.92554560448677,0.8564955212912974,0.08534155786037445
254,37.42317065509321,0.9167031587751149,0.04054208844900131
255,31.897382524851285,0.856180986100657,0.09109804034233093
256,33.153663488024165,0.8304279107807444,0.19948190450668335
257,33.851034685237536,0.8843394635498444,0.07582427561283112
258,29.976048368366726,0.8178057975126688,0.17620298266410828
259,32.165813642612484,0.7643343361398663,0.1877848207950592
260,30.33513797687306,0.8013758850185405,0.20814059674739838
261,36.45087737208139,0.8891029982023188,0.23935067653656006
262,29.84244938559085,0.8084185180362863,0.1834786832332611
263,33.323091260595675,0.8362703544570191,0.16497620940208435
264,30.789225896797188,0.8487374652482926,0.14813020825386047
265,32.1530573860666,0.857475430346042,0.09611745178699493
266,34.135247411120226,0.9077658982204695,0.06982421875
267,30.933621850385165,0.8970937148792167,0.06070519983768463
268,40.60238281802445,0.9706226303247544,0.023639656603336334
269,32.55102855272844,0.7714013033260438,0.19799764454364777
270,34.95829292878458,0.830073718938832,0.332849383354187
271,36.942186467092476,0.8839976699805897,0.2268124520778656
272,34.18888075886088,0.8870605981511859,0.15207703411579132
273,33.030636484566266,0.8750109270724994,0.08955369889736176
274,29.84831153480476,0.8107687180740726,0.18623608350753784
275,33.97784288348257,0.9016515484594899,0.09558229893445969
276,33.06789035376723,0.7768425794719908,0.14343811571598053
277,34.20888501209186,0.8480703517519145,0.24814993143081665
278,31.86385945669958,0.821342381171991,0.1441279500722885
279,33.149540644069006,0.7775436205245052,0.13491392135620117
280,32.78907701785184,0.8306443965325384,0.17093557119369507
281,40.88048027241954,0.967761872992661,0.023898880928754807
282,33.94906026041253,0.8942953279597989,0.07235504686832428
283,34.40135019220249,0.8483483920870407,0.1776062697172165
284,31.00430821914308,0.8063238236460005,0.20348894596099854
285,33.749890945164445,0.9238673541748174,0.08902743458747864
286,32.950726961789776,0.8313120101348915,0.07235193997621536
287,31.005373862212235,0.8163311332934112,0.17548345029354095
288,40.53051169373536,0.9671394650441741,0.02551400102674961
289,34.48988971886925,0.9184370892941186,0.06161689758300781
290,34.02819338659039,0.847017375361177,0.19624696671962738
291,33.267414345815716,0.8345610954521211,0.17591111361980438
292,32.2674995244174,0.9197572514128071,0.060181841254234314
293,33.69877158097268,0.9198006596094151,0.06562120467424393
294,33.13744809066334,0.8319614955635872,0.17612357437610626
295,36.777888569839725,0.8859964632087909,0.23400439321994781
296,28.834008329264197,0.8352039229196038,0.14002501964569092
297,32.14945217171315,0.8345864768124205,0.15601122379302979
298,32.41279355738773,0.8085099411977338,0.2299761027097702
299,33.01142697442987,0.8300365855919895,0.15159353613853455
300,35.588412709976886,0.8897028371243394,0.12828391790390015
301,38.16328346396735,0.9286540862196491,0.0892205685377121
302,33.65876259876343,0.8444768161246884,0.10545580834150314
303,32.93356072666534,0.9126279050417431,0.043305642902851105
304,34.83926184643897,0.9104486788558225,0.1033109501004219
305,34.037383452012804,0.8605250092872704,0.08417927473783493
306,34.06141542222056,0.8953806690638149,0.07244687527418137
307,34.55810389103118,0.8699895864861281,0.09888628125190735
308,30.94439839549679,0.8182446762904941,0.10315293073654175
309,33.151647199254825,0.8301072403736237,0.07017476111650467
310,32.1300598601871,0.7412955586755254,0.2847746014595032
311,33.14525350186602,0.8337371408123319,0.19468143582344055
312,37.17132211014273,0.9257324659970779,0.09332915395498276
313,35.506355962242225,0.8988033420879021,0.16818417608737946
314,34.6146615641929,0.8955626870211638,0.07627319544553757
315,32.83393660215904,0.8138748371049443,0.19904614984989166
316,32.574627404767895,0.913558321033606,0.04241159185767174
317,32.18185295794474,0.9313708370426029,0.0858386754989624
318,31.87576298197934,0.8882348168201001,0.05222976207733154
319,37.23096309591067,0.9000973657185916,0.1608981341123581
