output_index,matched_file,match_mse,psnr_vs_true_gt,ssim_vs_true_gt,lpips_vs_true_gt
0,0194_NOISY_SRGB_010.PNG,0.0,34.928525103220316,0.9100142995471163,0.1319805085659027
1,0089_NOISY_SRGB_010.PNG,0.0,31.76302563202026,0.9053231201903004,0.06467742472887039
2,0038_NOISY_SRGB_010.PNG,0.0,34.52906262041733,0.9353973648133679,0.10010812431573868
3,0066_NOISY_SRGB_010.PNG,0.0,38.01178415212413,0.9209295417421103,0.17106562852859497
4,0084_NOISY_SRGB_010.PNG,0.0,31.324600480668558,0.9003684005470384,0.06451790034770966
5,0036_NOISY_SRGB_010.PNG,0.0,29.520248146828088,0.9316024544440014,0.09303922951221466
6,0005_NOISY_SRGB_011.PNG,1.1263937,37.98756132781961,0.9611423348105653,0.0273198913782835
7,0069_NOISY_SRGB_011.PNG,0.0,36.774927614137084,0.929095434169307,0.10526977479457855
8,0188_NOISY_SRGB_011.PNG,0.0,28.936814259781286,0.840482807247975,0.13073116540908813
9,0166_NOISY_SRGB_010.PNG,0.0,34.787391982313956,0.887841706187031,0.1151682659983635
10,0027_NOISY_SRGB_010.PNG,0.0,37.23889952061326,0.9720152342442354,0.022037925198674202
11,0084_NOISY_SRGB_011.PNG,0.0,31.370434176836532,0.9007825990324525,0.05782824754714966
12,0160_NOISY_SRGB_011.PNG,4.7303977,35.10717552439355,0.8865520758187282,0.10662528872489929
13,0145_NOISY_SRGB_010.PNG,0.0,30.234138744371567,0.9126643168101483,0.056060791015625
14,0125_NOISY_SRGB_010.PNG,0.0,33.70944716053695,0.8614785372022656,0.1570543497800827
15,0115_NOISY_SRGB_010.PNG,0.0,34.06450099839447,0.8612648469762978,0.21247699856758118
16,0040_NOISY_SRGB_011.PNG,6.0842843,36.70933187748796,0.9311345458656368,0.1294005811214447
17,0088_NOISY_SRGB_011.PNG,0.0,30.72527142243314,0.9114281995611034,0.05498997122049332
18,0111_NOISY_SRGB_010.PNG,0.0,35.63206283903634,0.8861090111760229,0.21220512688159943
19,0104_NOISY_SRGB_010.PNG,0.0,29.7195146394451,0.868099768140104,0.17459963262081146
20,0030_NOISY_SRGB_010.PNG,0.0,30.842218723066473,0.930190886494135,0.09232108294963837
21,0035_NOISY_SRGB_011.PNG,0.0,31.964308807092394,0.9348321179483738,0.08729080110788345
22,0019_NOISY_SRGB_010.PNG,5.662979,38.59473508200595,0.9472736106171104,0.09078427404165268
23,0105_NOISY_SRGB_010.PNG,0.0,33.17130657565287,0.8343973666484837,0.19908538460731506
24,0126_NOISY_SRGB_011.PNG,31.045782,31.15865806698338,0.8301095547552025,0.19047001004219055
25,0177_NOISY_SRGB_010.PNG,34.74397,30.599205018081147,0.7972086336218559,0.22199603915214539
26,0179_NOISY_SRGB_010.PNG,0.0,28.152442931049233,0.8136079094098078,0.1916954219341278
27,0066_NOISY_SRGB_011.PNG,0.0,38.252365901300855,0.9291151645264905,0.12339643388986588
28,0059_NOISY_SRGB_011.PNG,0.0,35.76446490958692,0.9323963983713316,0.10909293591976166
29,0099_NOISY_SRGB_010.PNG,0.0,32.56555673444416,0.8344015533707884,0.18007107079029083
30,0175_NOISY_SRGB_010.PNG,0.0,31.089146873248783,0.8171878731120065,0.1649574190378189
31,0104_NOISY_SRGB_011.PNG,0.0,29.577885540411447,0.8698049418551052,0.2131076157093048
32,0188_NOISY_SRGB_010.PNG,0.0,28.989590903265334,0.8409059545373266,0.13605161011219025
33,0170_NOISY_SRGB_011.PNG,0.0,30.75359747505282,0.816462772501937,0.266387939453125
34,0032_NOISY_SRGB_010.PNG,0.0,35.62751008852094,0.9497300730078123,0.09163697063922882
35,0139_NOISY_SRGB_011.PNG,5.1786447,34.5478800719595,0.8686775644680594,0.21105575561523438
36,0044_NOISY_SRGB_010.PNG,0.0,32.216116499850294,0.9373183534802632,0.08208014070987701
37,0054_NOISY_SRGB_010.PNG,0.0,34.53419332689097,0.9323346677054395,0.06718289852142334
38,0164_NOISY_SRGB_011.PNG,0.0,33.374551415299734,0.904384270552354,0.05855272710323334
39,0072_NOISY_SRGB_011.PNG,0.0,38.11926621219978,0.9281618217476201,0.20523583889007568
40,0117_NOISY_SRGB_010.PNG,0.0,36.96900368032724,0.9155703586593068,0.21362796425819397
41,0006_NOISY_SRGB_010.PNG,0.0,38.581281360151,0.9812105079765381,0.01006715651601553
42,0027_NOISY_SRGB_011.PNG,0.0,37.1593785332436,0.9721562385191381,0.023502063006162643
43,0090_NOISY_SRGB_011.PNG,0.0,32.92091379319698,0.8906538768546112,0.08636474609375
44,0175_NOISY_SRGB_011.PNG,0.0,31.05676059890383,0.8141742026807627,0.17622420191764832
45,0005_NOISY_SRGB_011.PNG,0.0,38.05538648658605,0.9624220199237127,0.03146899491548538
46,0092_NOISY_SRGB_011.PNG,0.0,33.19946162033882,0.8902605508655945,0.10346923768520355
47,0063_NOISY_SRGB_011.PNG,0.0,33.96180681351025,0.930486542970887,0.05694223567843437
48,0078_NOISY_SRGB_011.PNG,0.0,32.04907508882513,0.9110610640342279,0.06879234313964844
49,0086_NOISY_SRGB_011.PNG,1.352183,35.144223806483694,0.89594812666608,0.17447206377983093
50,0186_NOISY_SRGB_011.PNG,0.0,34.27573946290862,0.8233476630715968,0.31755098700523376
51,0003_NOISY_SRGB_010.PNG,0.0,35.29171938367543,0.9600494276125401,0.029776204377412796
52,0113_NOISY_SRGB_010.PNG,0.0,37.739567483495996,0.9310176643174458,0.2119031846523285
53,0012_NOISY_SRGB_011.PNG,0.0,36.29594891663593,0.9779316627348175,0.0188865028321743
54,0154_NOISY_SRGB_010.PNG,0.0,34.471337498614425,0.9027017507461919,0.07630209624767303
55,0076_NOISY_SRGB_011.PNG,0.0,28.48048285637737,0.8787435802692,0.1056058257818222
56,0151_NOISY_SRGB_011.PNG,0.0,33.36634460922214,0.895861811447002,0.09292978048324585
57,0068_NOISY_SRGB_010.PNG,0.0,34.763471511826104,0.9337481903287544,0.06403517723083496
58,0195_NOISY_SRGB_010.PNG,0.0,38.579848132745845,0.920360729913241,0.2913307249546051
59,0068_NOISY_SRGB_011.PNG,0.0,34.8890499458755,0.9374171196209545,0.06160610541701317
60,0019_NOISY_SRGB_010.PNG,0.0,37.792024566101865,0.9451026888457051,0.09328687191009521
61,0012_NOISY_SRGB_011.PNG,12.646413,39.05518840280764,0.9801295568625169,0.015271913260221481
62,0135_NOISY_SRGB_011.PNG,0.0,32.04010747059007,0.8406171403113133,0.14107485115528107
63,0139_NOISY_SRGB_011.PNG,0.0,34.23470372074571,0.8693745097838876,0.17857709527015686
64,0025_NOISY_SRGB_011.PNG,0.0,40.661931343459905,0.9786706228702154,0.020651377737522125
65,0020_NOISY_SRGB_011.PNG,0.0,34.028954402744915,0.9133927977540282,0.0813092291355133
66,0051_NOISY_SRGB_010.PNG,0.0,32.26806529185747,0.9338585286969887,0.09395471215248108
67,0087_NOISY_SRGB_010.PNG,0.0,33.400414232649055,0.9058376043332581,0.17454732954502106
68,0118_NOISY_SRGB_011.PNG,0.0,34.2355306286877,0.8664610078872571,0.15662802755832672
69,0078_NOISY_SRGB_010.PNG,0.0,31.913522170168775,0.9082494376518467,0.0727914422750473
70,0198_NOISY_SRGB_011.PNG,0.0,31.26010602079279,0.8284767675530675,0.164547860622406
71,0029_NOISY_SRGB_010.PNG,0.0,37.12507342096464,0.9531596209060612,0.08614815026521683
72,0064_NOISY_SRGB_011.PNG,8.125051,34.094324077486235,0.9248964356104262,0.07160720974206924
73,0018_NOISY_SRGB_011.PNG,0.0,40.078810874042425,0.9601808422712073,0.07367066293954849
74,0099_NOISY_SRGB_011.PNG,0.0,32.50683356054801,0.838121833980015,0.18557335436344147
75,0198_NOISY_SRGB_010.PNG,0.0,31.255272517105283,0.8286428749173762,0.1765766143798828
76,0142_NOISY_SRGB_011.PNG,0.0,32.901276667076445,0.9134102413990282,0.04583945497870445
77,0129_NOISY_SRGB_010.PNG,0.0,32.26808018146967,0.8376473675663414,0.16216544806957245
78,0117_NOISY_SRGB_011.PNG,0.0,36.91642724931046,0.9143849313452942,0.20892828702926636
79,0023_NOISY_SRGB_010.PNG,5.321289,36.40740568693574,0.9354241626466063,0.10452435165643692
80,0132_NOISY_SRGB_011.PNG,0.0,36.64421017922238,0.8971411933505579,0.22668518126010895
81,0012_NOISY_SRGB_010.PNG,0.0,36.14560081721696,0.9776676438406282,0.014539480209350586
82,0034_NOISY_SRGB_011.PNG,0.0,32.6201572012271,0.9386891462282171,0.08234062790870667
83,0050_NOISY_SRGB_011.PNG,0.0,30.04886132207197,0.8955548399007188,0.18932506442070007
84,0149_NOISY_SRGB_010.PNG,0.0,34.110338013488246,0.8989365182800947,0.07843833416700363
85,0086_NOISY_SRGB_011.PNG,0.0,34.87213172192225,0.8934013335562625,0.1802610158920288
86,0132_NOISY_SRGB_010.PNG,0.0,36.9200311749286,0.9005364112355078,0.20794422924518585
87,0102_NOISY_SRGB_010.PNG,5.18868,34.78242853973707,0.8659546043700516,0.22087371349334717
88,0190_NOISY_SRGB_010.PNG,0.0,31.262556820627655,0.8324747727208011,0.1763821542263031
89,0014_NOISY_SRGB_010.PNG,84.66977,38.56210797849148,0.97869158856752,0.010610111057758331
90,0083_NOISY_SRGB_011.PNG,0.0,31.101604177479384,0.9038600207938677,0.05885421112179756
91,0019_NOISY_SRGB_011.PNG,0.0,37.655648950825416,0.9474313555306311,0.08244363963603973
92,0077_NOISY_SRGB_010.PNG,0.0,31.962134407633187,0.9055028116191189,0.07596238702535629
93,0180_NOISY_SRGB_010.PNG,0.0,29.987480952529054,0.8199576912362909,0.1830180138349533
94,0144_NOISY_SRGB_010.PNG,0.0,32.10008861705324,0.9141729084355918,0.047259118407964706
95,0178_NOISY_SRGB_010.PNG,0.0,29.303847697361096,0.8216002776666697,0.19198736548423767
96,0199_NOISY_SRGB_011.PNG,0.0,31.306506408971494,0.8338077355163888,0.16563139855861664
97,0168_NOISY_SRGB_011.PNG,0.0,32.4848939489341,0.822002048277419,0.23081883788108826
98,0098_NOISY_SRGB_010.PNG,0.0,32.76438654529873,0.8379537840656307,0.18522578477859497
99,0081_NOISY_SRGB_010.PNG,17.657623,33.09323069342706,0.9099151685327028,0.07886016368865967
100,0072_NOISY_SRGB_010.PNG,0.0,37.307020636241475,0.9175825028975959,0.2286568582057953
101,0192_NOISY_SRGB_011.PNG,0.0,32.34400307904248,0.9241645360126708,0.06449329853057861
102,0127_NOISY_SRGB_011.PNG,0.0,31.44612484271175,0.8621449541802854,0.15408016741275787
103,0160_NOISY_SRGB_010.PNG,0.0,34.55907625642286,0.8834723945604903,0.10955362021923065
104,0014_NOISY_SRGB_010.PNG,0.0,29.792685081764517,0.9692544827082048,0.020284119993448257
105,0161_NOISY_SRGB_010.PNG,0.0,35.21148628295299,0.8774990396062204,0.15341854095458984
106,0023_NOISY_SRGB_010.PNG,0.0,35.91377823243124,0.9326239506165127,0.10282093286514282
107,0166_NOISY_SRGB_011.PNG,0.0,34.96129863844502,0.8914330706215492,0.10086241364479065
108,0191_NOISY_SRGB_010.PNG,6.31986,32.47938318171728,0.8229089744636781,0.2097029983997345
109,0189_NOISY_SRGB_011.PNG,0.0,30.17060266561868,0.8340205416752209,0.17392519116401672
110,0096_NOISY_SRGB_010.PNG,0.0,32.650605765552825,0.9006448241826589,0.2498694360256195
111,0040_NOISY_SRGB_011.PNG,0.0,35.4718093097751,0.9143245901747673,0.14648258686065674
112,0076_NOISY_SRGB_010.PNG,0.0,28.41681829674682,0.8816647296365345,0.10806500911712646
113,0042_NOISY_SRGB_010.PNG,0.0,34.41795513103101,0.9353090266786337,0.0981031134724617
114,0126_NOISY_SRGB_010.PNG,0.0,33.50095715595829,0.8634648117999145,0.1427357941865921
115,0007_NOISY_SRGB_011.PNG,0.0,40.82243908062353,0.97735788783634,0.021134313195943832
116,0043_NOISY_SRGB_011.PNG,0.0,34.002870026429804,0.9421208278094267,0.07937277853488922
117,0108_NOISY_SRGB_010.PNG,0.0,30.914962562787878,0.8485489447393993,0.1839296519756317
118,0184_NOISY_SRGB_011.PNG,0.0,31.63910302212733,0.8231280361871995,0.21053850650787354
119,0130_NOISY_SRGB_010.PNG,2.3275554,32.23942646055168,0.8378548428497501,0.14415334165096283
120,0123_NOISY_SRGB_011.PNG,0.0,31.45971235479115,0.8433513187610008,0.11768414825201035
121,0108_NOISY_SRGB_010.PNG,45.03368,33.60284561738836,0.8463048578619728,0.2014390379190445
122,0169_NOISY_SRGB_011.PNG,0.0,32.032058056551044,0.8230425920383566,0.20274358987808228
123,0043_NOISY_SRGB_011.PNG,5.256241,34.34875317889939,0.9433361436423375,0.0769742876291275
124,0129_NOISY_SRGB_011.PNG,0.0,32.26306927421952,0.8404114639068343,0.14098335802555084
125,0039_NOISY_SRGB_011.PNG,0.0,33.999806581731306,0.9387349801346359,0.07596386969089508
126,0177_NOISY_SRGB_010.PNG,20.263016,31.22493339943245,0.8158637004286545,0.19368062913417816
127,0167_NOISY_SRGB_010.PNG,0.0,32.47425350665554,0.8152604751590796,0.24697524309158325
128,0002_NOISY_SRGB_010.PNG,0.0,39.24690837360785,0.968874856141703,0.03223276510834694
129,0059_NOISY_SRGB_010.PNG,10.657466,36.874276758600416,0.9290877412560832,0.11523787677288055
130,0110_NOISY_SRGB_011.PNG,0.0,34.46251813930716,0.8623798893016673,0.2201540470123291
131,0013_NOISY_SRGB_010.PNG,99.05039,41.00877076542446,0.9772256437525336,0.015348751097917557
132,0107_NOISY_SRGB_011.PNG,0.0,32.93104493663133,0.8372152749032348,0.20534440875053406
133,0002_NOISY_SRGB_011.PNG,0.0,39.20012482255458,0.9684526793855582,0.02931963838636875
134,0007_NOISY_SRGB_010.PNG,0.0,40.73106618218384,0.9772742320825346,0.020938128232955933
135,0170_NOISY_SRGB_010.PNG,0.0,30.900712653948574,0.81662409453084,0.24931256473064423
136,0070_NOISY_SRGB_011.PNG,0.0,37.74185722813143,0.9334611902352304,0.12772531807422638
137,0137_NOISY_SRGB_010.PNG,0.0,34.389780823392165,0.8666420857005107,0.22045142948627472
138,0122_NOISY_SRGB_010.PNG,0.0,31.81373219988892,0.8388005481688349,0.12375053763389587
139,0136_NOISY_SRGB_010.PNG,0.0,33.23688152688666,0.8490169523101744,0.1486513316631317
140,0156_NOISY_SRGB_011.PNG,0.0,32.39063112746723,0.9107012414248175,0.05542067438364029
141,0133_NOISY_SRGB_011.PNG,0.0,36.298470204806435,0.9153836531891221,0.21341419219970703
142,0035_NOISY_SRGB_010.PNG,0.0,32.113347596717794,0.9341824470282846,0.08726127445697784
143,0168_NOISY_SRGB_010.PNG,0.0,32.37591406080921,0.8204307802485215,0.2453743815422058
144,0063_NOISY_SRGB_010.PNG,0.0,34.00871440117518,0.9292837171718599,0.05000263825058937
145,0191_NOISY_SRGB_011.PNG,0.0,32.21502621089131,0.8251177085639024,0.19954751431941986
146,0157_NOISY_SRGB_011.PNG,6.858114,32.460680746589986,0.9109556301012519,0.05532703548669815
147,0001_NOISY_SRGB_011.PNG,0.0,40.762340361210896,0.9781181961750445,0.022746678441762924
148,0094_NOISY_SRGB_011.PNG,0.0,36.724960123493005,0.8997379851018645,0.22294101119041443
149,0177_NOISY_SRGB_010.PNG,0.0,30.421719688591338,0.8227420381127287,0.1925322413444519
150,0023_NOISY_SRGB_011.PNG,0.0,35.75084236194877,0.9324797089302264,0.09991596639156342
151,0097_NOISY_SRGB_010.PNG,0.0,29.913582630450357,0.8983787383779153,0.2760399580001831
152,0165_NOISY_SRGB_011.PNG,0.0,34.2469676401108,0.8986760372717698,0.082981176674366
153,0157_NOISY_SRGB_010.PNG,0.0,32.27823819460475,0.911471319846382,0.054346274584531784
154,0196_NOISY_SRGB_010.PNG,0.0,36.29983210641386,0.9007338367191222,0.29847395420074463
155,0034_NOISY_SRGB_010.PNG,0.0,32.60877049680176,0.9386075592123634,0.0867595449090004
156,0048_NOISY_SRGB_010.PNG,0.0,35.14546776347357,0.9387821573950857,0.08894084393978119
157,0065_NOISY_SRGB_011.PNG,0.0,29.035288637776183,0.9230575112628941,0.06772999465465546
158,0052_NOISY_SRGB_011.PNG,0.0,30.952505897832218,0.9346160066350326,0.08766534924507141
159,0022_NOISY_SRGB_011.PNG,0.0,36.87485734463673,0.9393803179444941,0.09781818091869354
160,0003_NOISY_SRGB_011.PNG,0.0,35.355901306737955,0.9596345417125712,0.031207431107759476
161,0199_NOISY_SRGB_010.PNG,0.0,31.27276275538304,0.8334425404983432,0.16143348813056946
162,0111_NOISY_SRGB_011.PNG,0.0,35.46865019706328,0.8824256680579792,0.22508986294269562
163,0083_NOISY_SRGB_010.PNG,0.0,31.134668844552934,0.9035537222776041,0.061421867460012436
164,0164_NOISY_SRGB_010.PNG,0.0,33.35933925008301,0.9081650130263649,0.06385315954685211
165,0106_NOISY_SRGB_011.PNG,0.0,33.27033476528923,0.8401108515881193,0.18173429369926453
166,0142_NOISY_SRGB_010.PNG,0.0,32.81073698974717,0.9096845226900122,0.0500938706099987
167,0016_NOISY_SRGB_011.PNG,80.71393,38.678651910700104,0.9777762617594825,0.014661743305623531
168,0091_NOISY_SRGB_011.PNG,0.0,32.6193909073955,0.8981431334811704,0.08062728494405746
169,0060_NOISY_SRGB_011.PNG,0.0,36.61099914384384,0.9317287792800233,0.09268073737621307
170,0194_NOISY_SRGB_011.PNG,0.0,34.86792078024503,0.9095135135441845,0.1435677409172058
171,0172_NOISY_SRGB_011.PNG,0.0,30.426487371712483,0.813249696760582,0.20984652638435364
172,0033_NOISY_SRGB_010.PNG,0.0,37.82878108053035,0.9609271237975974,0.0775715559720993
173,0134_NOISY_SRGB_010.PNG,0.0,30.871028225785988,0.837166187028339,0.12161269038915634
174,0059_NOISY_SRGB_010.PNG,0.0,35.5493459723649,0.928053525748774,0.11481954157352448
175,0172_NOISY_SRGB_010.PNG,0.0,30.316920802669692,0.8070759583942161,0.19392180442810059
176,0011_NOISY_SRGB_010.PNG,0.0,36.15168015948666,0.9784765586565228,0.017082372680306435
177,0018_NOISY_SRGB_011.PNG,1.1666921,39.89319091434452,0.9575419690539357,0.08132173120975494
178,0140_NOISY_SRGB_011.PNG,0.0,36.52160775542531,0.9112470690905722,0.21770218014717102
179,0165_NOISY_SRGB_010.PNG,0.0,34.239351041133006,0.8989660775899323,0.07502074539661407
180,0089_NOISY_SRGB_011.PNG,0.0,31.742191971349,0.9065110505889016,0.0607416108250618
181,0169_NOISY_SRGB_010.PNG,0.0,31.887177748774054,0.8167014739923918,0.23616687953472137
182,0121_NOISY_SRGB_011.PNG,0.0,29.38062129680638,0.8572383551075499,0.24033445119857788
183,0159_NOISY_SRGB_010.PNG,0.0,34.048025864308535,0.8948851076044518,0.07176204025745392
184,0057_NOISY_SRGB_010.PNG,0.0,36.19809770723268,0.9257532890647894,0.1057533249258995
185,0122_NOISY_SRGB_010.PNG,2.0240886,31.862903136434582,0.8372057009358261,0.14520704746246338
186,0064_NOISY_SRGB_010.PNG,0.0,33.52176265873952,0.9283917843331202,0.06309103965759277
187,0152_NOISY_SRGB_011.PNG,0.0,30.935126556318462,0.8802633722829786,0.11520807445049286
188,0135_NOISY_SRGB_010.PNG,0.0,31.991836576565724,0.8381066021526246,0.1375139057636261
189,0008_NOISY_SRGB_010.PNG,0.0,38.74095542428424,0.9805732870410662,0.010978990234434605
190,0013_NOISY_SRGB_010.PNG,0.0,29.413498950063392,0.9645831756274128,0.022504029795527458
191,0160_NOISY_SRGB_011.PNG,0.0,34.79571527535122,0.8873627265352311,0.10461093485355377
192,0073_NOISY_SRGB_010.PNG,0.0,37.528362616183884,0.932550212583838,0.12630602717399597
193,0140_NOISY_SRGB_010.PNG,0.0,36.21107890146203,0.9084520095221027,0.22887715697288513
194,0200_NOISY_SRGB_011.PNG,0.0,31.06544808407158,0.8332387017382791,0.181404247879982
195,0129_NOISY_SRGB_011.PNG,1.0485535,32.28989896709165,0.8395540741615042,0.14923712611198425
196,0090_NOISY_SRGB_010.PNG,5.385788,33.13417381485451,0.8924557334046069,0.09641881287097931
197,0030_NOISY_SRGB_010.PNG,40.38872,35.83095433878991,0.9339042850868747,0.09687824547290802
198,0075_NOISY_SRGB_010.PNG,16.166498,32.58025182670363,0.8995204488723411,0.08283159136772156
199,0180_NOISY_SRGB_011.PNG,0.0,30.014850523505906,0.8231178498776098,0.1610659658908844
200,0154_NOISY_SRGB_011.PNG,0.0,34.68255391337854,0.9048006965345733,0.08296888321638107
201,0084_NOISY_SRGB_010.PNG,1.5539551,31.242888634169937,0.8970204925497419,0.06445231288671494
202,0118_NOISY_SRGB_010.PNG,0.0,34.25976269273615,0.8670121138783388,0.15240518748760223
203,0097_NOISY_SRGB_011.PNG,81.46297,38.20197456752459,0.9164965746591532,0.24806997179985046
204,0064_NOISY_SRGB_011.PNG,0.0,33.68163387188571,0.9301552740388664,0.06105911731719971
205,0045_NOISY_SRGB_011.PNG,0.0,34.7727459774024,0.9410924807417543,0.08293789625167847
206,0052_NOISY_SRGB_010.PNG,28.120935,32.523355390086984,0.9371532705861512,0.0880223885178566
207,0107_NOISY_SRGB_010.PNG,0.0,32.86592781381655,0.8381325201168499,0.2034514844417572
208,0028_NOISY_SRGB_011.PNG,0.0,39.40901139512041,0.9640800723675608,0.06900293380022049
209,0155_NOISY_SRGB_010.PNG,0.0,32.436075545780795,0.9083994276383444,0.052214473485946655
210,0075_NOISY_SRGB_010.PNG,0.0,31.95385092009474,0.9000022466587724,0.08343207836151123
211,0138_NOISY_SRGB_010.PNG,0.0,34.279463472036944,0.8685843172476462,0.16827940940856934
212,0073_NOISY_SRGB_011.PNG,0.0,37.189232598784244,0.9279347495992902,0.13810183107852936
213,0146_NOISY_SRGB_010.PNG,0.0,32.74577674195742,0.9182165198549415,0.041190698742866516
214,0004_NOISY_SRGB_010.PNG,0.0,40.634902684567734,0.9754827149074808,0.023257078602910042
215,0017_NOISY_SRGB_010.PNG,0.0,34.868869163011745,0.9151573880357273,0.10008631646633148
216,0032_NOISY_SRGB_011.PNG,0.0,35.73549584356874,0.9504399039264465,0.08948427438735962
217,0130_NOISY_SRGB_010.PNG,0.0,32.054951117703105,0.8322251720627417,0.16291528940200806
218,0042_NOISY_SRGB_011.PNG,0.0,34.485353959986966,0.9361481569415061,0.0861034020781517
219,0121_NOISY_SRGB_010.PNG,0.0,29.343483816320337,0.8584438357969358,0.23522543907165527
220,0139_NOISY_SRGB_010.PNG,0.0,34.151757849741145,0.8662320253974406,0.23022334277629852
221,0102_NOISY_SRGB_011.PNG,0.0,34.50314605788978,0.8653118001935819,0.19693580269813538
222,0196_NOISY_SRGB_011.PNG,0.0,36.43249661497219,0.9028326897482227,0.291073739528656
223,0192_NOISY_SRGB_010.PNG,0.0,32.40320353801178,0.9240804505892851,0.06672557443380356
224,0184_NOISY_SRGB_010.PNG,3.264557,31.86643573436978,0.8260928116167344,0.18406662344932556
225,0151_NOISY_SRGB_010.PNG,0.0,33.34522143358831,0.8935707418924124,0.08816050738096237
226,0120_NOISY_SRGB_011.PNG,0.0,31.80071555755749,0.859561187987986,0.1804584562778473
227,0048_NOISY_SRGB_011.PNG,0.0,35.089218789225505,0.9384254931789967,0.09944251924753189
228,0133_NOISY_SRGB_010.PNG,0.0,36.17201757173851,0.91406491655226,0.21944062411785126
229,0073_NOISY_SRGB_011.PNG,5.915426,38.48293084458273,0.9344729924196246,0.13017858564853668
230,0184_NOISY_SRGB_010.PNG,0.0,31.78651413228981,0.8252388841737743,0.2126203030347824
231,0163_NOISY_SRGB_011.PNG,0.0,32.08353278337769,0.9251932931417715,0.028247490525245667
232,0022_NOISY_SRGB_010.PNG,0.0,36.924477964110075,0.939511198604336,0.09852271527051926
233,0182_NOISY_SRGB_011.PNG,0.0,29.297396430086092,0.8280846234567659,0.15603621304035187
234,0106_NOISY_SRGB_010.PNG,0.0,33.27169036291595,0.8400395414870908,0.17101776599884033
235,0173_NOISY_SRGB_011.PNG,0.0,30.502383208696905,0.8177920742887302,0.18836484849452972
236,0181_NOISY_SRGB_010.PNG,28.875834,29.062285218878078,0.8041568798012438,0.18813708424568176
237,0195_NOISY_SRGB_011.PNG,0.0,38.30969029001776,0.9172765011174665,0.31704390048980713
238,0146_NOISY_SRGB_011.PNG,0.0,32.69953395433822,0.918573333029244,0.04309751093387604
239,0116_NOISY_SRGB_010.PNG,0.0,35.390465352166586,0.8818722977950705,0.21860256791114807
240,0163_NOISY_SRGB_011.PNG,1.1870117,32.06698077190846,0.9239243982650014,0.030015289783477783
241,0126_NOISY_SRGB_011.PNG,0.0,33.630901041728066,0.8634061499694395,0.15070918202400208
242,0138_NOISY_SRGB_011.PNG,0.0,34.07517716077231,0.8638192231404674,0.20797160267829895
243,0029_NOISY_SRGB_011.PNG,0.0,37.33832483697051,0.9539533413047948,0.08014348149299622
244,0030_NOISY_SRGB_011.PNG,0.0,30.82239104868296,0.929976663302636,0.08832650631666183
245,0193_NOISY_SRGB_011.PNG,0.0,34.56960765381762,0.9117704395123681,0.12126804888248444
246,0080_NOISY_SRGB_011.PNG,0.0,33.187160818396585,0.9100578346854422,0.08425965905189514
247,0147_NOISY_SRGB_011.PNG,0.0,35.05376689090531,0.9037271997976625,0.0691668838262558
248,0185_NOISY_SRGB_011.PNG,0.0,32.93132246952636,0.8170995566078435,0.25566795468330383
249,0147_NOISY_SRGB_010.PNG,0.0,34.90556760357645,0.8990317674624969,0.08044050633907318
250,0005_NOISY_SRGB_010.PNG,0.0,37.94166959427267,0.9606443110092053,0.029503459110856056
251,0088_NOISY_SRGB_010.PNG,0.0,30.798363390645967,0.9115004899987785,0.05081851780414581
252,0033_NOISY_SRGB_011.PNG,0.0,38.12524506663466,0.9600311835747838,0.07597686350345612
253,0145_NOISY_SRGB_011.PNG,0.0,30.34052826654928,0.9157292119997668,0.05327419191598892
254,0116_NOISY_SRGB_011.PNG,0.0,35.52084461994028,0.8865684252573992,0.2227037101984024
255,0150_NOISY_SRGB_011.PNG,0.0,34.76611933874529,0.9006530932682878,0.07257074117660522
256,0065_NOISY_SRGB_010.PNG,0.0,28.95880272632357,0.9214619210617837,0.06865882873535156
257,0154_NOISY_SRGB_010.PNG,28.721766,32.38461677994283,0.8562323222095684,0.12830351293087006
258,0197_NOISY_SRGB_011.PNG,0.0,35.47249075355889,0.9066531432440667,0.1432274878025055
259,0081_NOISY_SRGB_011.PNG,0.0,32.12724256994366,0.909739302181679,0.07452335953712463
260,0025_NOISY_SRGB_010.PNG,0.0,40.69137924086063,0.978488378343009,0.023286238312721252
261,0015_NOISY_SRGB_010.PNG,0.0,29.270835706284064,0.9626184189727806,0.024745287373661995
262,0101_NOISY_SRGB_010.PNG,0.0,34.71051048743203,0.8693982183469374,0.19719251990318298
263,0020_NOISY_SRGB_011.PNG,2.8808544,34.19605218304751,0.9142930464213554,0.08466510474681854
264,0199_NOISY_SRGB_010.PNG,4.197332,31.144225029758715,0.8232734199719013,0.17492905259132385
265,0096_NOISY_SRGB_011.PNG,0.0,32.82418608873946,0.8999977853624145,0.25477170944213867
266,0197_NOISY_SRGB_011.PNG,3.049245,35.87946172608415,0.9135433320651399,0.1386851668357849
267,0091_NOISY_SRGB_010.PNG,0.0,32.707771135761014,0.8996824498547712,0.07577818632125854
268,0172_NOISY_SRGB_010.PNG,3.4546509,30.493432263230954,0.8085958074982744,0.2127426415681839
269,0014_NOISY_SRGB_011.PNG,0.0,30.052773360081737,0.9696049004928323,0.020842406898736954
270,0076_NOISY_SRGB_010.PNG,85.598755,33.261847195779225,0.8949908795727874,0.10407453775405884
271,0149_NOISY_SRGB_011.PNG,0.0,34.38032709331363,0.9039228141328506,0.0758916512131691
272,0179_NOISY_SRGB_011.PNG,0.0,28.21554108887408,0.8056674804380793,0.21865878999233246
273,0200_NOISY_SRGB_010.PNG,0.0,31.174416289299934,0.8313386160820975,0.1626792550086975
274,0157_NOISY_SRGB_011.PNG,0.0,32.20755036984198,0.9084464188487392,0.059073105454444885
275,0178_NOISY_SRGB_011.PNG,0.0,29.47151137232863,0.8207322346317079,0.17601646482944489
276,0062_NOISY_SRGB_011.PNG,0.0,29.261485602468888,0.9143452995794492,0.13234257698059082
277,0189_NOISY_SRGB_010.PNG,0.0,30.16801645768662,0.8343798353176345,0.17449307441711426
278,0163_NOISY_SRGB_010.PNG,0.0,32.115719596440286,0.9250348457730034,0.030045637860894203
279,0043_NOISY_SRGB_010.PNG,0.0,33.867021193277786,0.9406400808168439,0.08142982423305511
280,0098_NOISY_SRGB_011.PNG,0.0,32.7362736157603,0.8349933618183943,0.1675543338060379
281,0177_NOISY_SRGB_011.PNG,0.0,30.42303834004079,0.8222970535058206,0.19823884963989258
282,0055_NOISY_SRGB_011.PNG,0.0,34.329005976345655,0.9317994713831932,0.06861074268817902
283,0122_NOISY_SRGB_011.PNG,0.0,31.97756772208212,0.8440941189107636,0.11325231194496155
284,0062_NOISY_SRGB_010.PNG,0.0,29.324490731268426,0.9185669657397035,0.10340011119842529
285,0018_NOISY_SRGB_010.PNG,0.0,39.791880014544894,0.9576367154997535,0.0805136114358902
286,0010_NOISY_SRGB_011.PNG,0.0,36.43790230457681,0.9779962304044402,0.01684296689927578
287,0003_NOISY_SRGB_011.PNG,8.238388,37.41290914097638,0.9598295200832574,0.02921248972415924
288,0167_NOISY_SRGB_011.PNG,0.0,32.39784849915469,0.8119655870488995,0.2188265323638916
289,0050_NOISY_SRGB_010.PNG,62.244858,35.538747915776796,0.925902357492299,0.11324995756149292
290,0054_NOISY_SRGB_011.PNG,0.0,34.648878808326586,0.9311187743249537,0.07231742143630981
291,0008_NOISY_SRGB_011.PNG,0.0,39.19192411576641,0.981430314966418,0.011265814304351807
292,0039_NOISY_SRGB_010.PNG,0.0,34.05338105406961,0.9404413476110719,0.07529480010271072
293,0036_NOISY_SRGB_011.PNG,0.0,29.568575532024383,0.9317180364980736,0.08652648329734802
294,0038_NOISY_SRGB_011.PNG,5.9141083,35.14550775371644,0.9402916211905956,0.09183259308338165
295,0115_NOISY_SRGB_011.PNG,0.0,34.154153192144136,0.86105919881178,0.21673886477947235
296,0130_NOISY_SRGB_011.PNG,0.0,32.07920449075886,0.8365108565757177,0.1428896188735962
297,0191_NOISY_SRGB_010.PNG,0.0,32.35743237464284,0.830261067132264,0.1974068135023117
298,0161_NOISY_SRGB_011.PNG,0.0,35.300211010565555,0.8797678997612945,0.15078261494636536
299,0081_NOISY_SRGB_010.PNG,0.0,31.970838545102282,0.9079510034360615,0.07442882657051086
300,0057_NOISY_SRGB_011.PNG,0.0,36.667434731864496,0.9313640141388074,0.11071628332138062
301,0150_NOISY_SRGB_010.PNG,0.0,34.842205949482725,0.9008296227530611,0.07182969897985458
302,0015_NOISY_SRGB_011.PNG,0.0,29.233884078819905,0.9622857119714722,0.02486974000930786
303,0123_NOISY_SRGB_010.PNG,0.0,31.445674157578907,0.841824111763958,0.11963950097560883
304,0193_NOISY_SRGB_010.PNG,0.0,34.3276982042983,0.9109276283277614,0.11494604498147964
305,0156_NOISY_SRGB_010.PNG,0.0,32.39502603505732,0.9107081110313141,0.0510079450905323
306,0190_NOISY_SRGB_011.PNG,0.0,31.25433013194231,0.8314013378406123,0.203525111079216
307,0197_NOISY_SRGB_010.PNG,0.0,35.75772311616289,0.91098014331348,0.15264388918876648
308,0086_NOISY_SRGB_010.PNG,0.0,34.931070403450576,0.8940416644961878,0.1681247502565384
309,0069_NOISY_SRGB_010.PNG,0.0,36.771821670264174,0.9309027755836685,0.11018814891576767
310,0016_NOISY_SRGB_011.PNG,0.0,30.22898338107811,0.9715790695022751,0.015876831486821175
311,0186_NOISY_SRGB_010.PNG,0.0,34.41950464825249,0.8251638703232684,0.3558882772922516
312,0020_NOISY_SRGB_010.PNG,0.0,33.92210370343849,0.9113840426824824,0.1017022579908371
313,0101_NOISY_SRGB_011.PNG,0.0,34.63917475998898,0.8675510545248116,0.19576701521873474
314,0094_NOISY_SRGB_010.PNG,1.4947357,36.90736466534642,0.9015870823624536,0.2308516502380371
315,0038_NOISY_SRGB_011.PNG,0.0,34.509876275098065,0.9373130750275326,0.09647610783576965
316,0070_NOISY_SRGB_010.PNG,0.0,37.37564437062841,0.9301167284194672,0.13138239085674286
317,0168_NOISY_SRGB_011.PNG,14.797028,32.190948500883074,0.8008518558365689,0.2458350658416748
318,0182_NOISY_SRGB_010.PNG,0.0,29.352044520890686,0.8300679120768096,0.1528807282447815
319,0075_NOISY_SRGB_011.PNG,0.0,31.88080707355317,0.9005532148057377,0.07718577235937119
